USE [DP_TIMESHEET_MIS_v2]
GO
INSERT [dbo].[AspNetRoles] ([Id], [Name], [NormalizedName], [ConcurrencyStamp]) VALUES (N'3702e9fe-cc33-4824-99ae-7d2ce5bf0523', N'Supervisor', N'SUPERVISOR', N'3d3d1234-5bdc-4b669-9366-40b5b8a64e50')
INSERT [dbo].[AspNetRoles] ([Id], [Name], [NormalizedName], [ConcurrencyStamp]) VALUES (N'3702e9fe-cc74-4824-39ae-7e2ff5bf0523', N'Developer', N'DEVELOPER', N'3d3d3334-5bdc-4b09-1122-40b5b8a64e50')
INSERT [dbo].[AspNetRoles] ([Id], [Name], [NormalizedName], [ConcurrencyStamp]) VALUES (N'3702e9fe-cc74-4824-99ae-7d2ce5bf0523', N'Consultant', N'CONSULTANT', N'3d3d1234-5bdc-4b09-9366-40b5b8a64e50')
INSERT [dbo].[AspNetRoles] ([Id], [Name], [NormalizedName], [ConcurrencyStamp]) VALUES (N'3702e9fe-cc74-4824-99ae-7e2ce5bf0523', N'Administrator', N'ADMINISTRATOR', N'3d3d1434-5bdc-4b09-9366-40b5b8a64e50')
SET IDENTITY_INSERT [dbo].[SystemModule] ON 

INSERT [dbo].[SystemModule] ([Id], [Name]) VALUES (1, N'Login Module')
INSERT [dbo].[SystemModule] ([Id], [Name]) VALUES (2, N'Registration Module')
INSERT [dbo].[SystemModule] ([Id], [Name]) VALUES (3, N'Dashboard Module')
INSERT [dbo].[SystemModule] ([Id], [Name]) VALUES (4, N'Timesheet Module')
INSERT [dbo].[SystemModule] ([Id], [Name]) VALUES (5, N'Report Module')
INSERT [dbo].[SystemModule] ([Id], [Name]) VALUES (6, N'System Administration Module')
INSERT [dbo].[SystemModule] ([Id], [Name]) VALUES (7, N'System Security Module')
SET IDENTITY_INSERT [dbo].[SystemModule] OFF
SET IDENTITY_INSERT [dbo].[SystemCode] ON 

INSERT [dbo].[SystemCode] ([Id], [Code], [Description], [SystemModuleId]) VALUES (1, N'Consultant Categories', N'Consultant Type', 1)
INSERT [dbo].[SystemCode] ([Id], [Code], [Description], [SystemModuleId]) VALUES (2, N'Consultant Position Categories', N'Consultant Position', 4)
INSERT [dbo].[SystemCode] ([Id], [Code], [Description], [SystemModuleId]) VALUES (3, N'Department Categories', N'Departments', 2)
INSERT [dbo].[SystemCode] ([Id], [Code], [Description], [SystemModuleId]) VALUES (4, N'Project Role Categories', N'Role in Project', 4)
INSERT [dbo].[SystemCode] ([Id], [Code], [Description], [SystemModuleId]) VALUES (5, N'Internal External Categories', N'Internal or External Consultant', 4)
INSERT [dbo].[SystemCode] ([Id], [Code], [Description], [SystemModuleId]) VALUES (6, N'Report Categories', N'Report Types and Categories', 7)
INSERT [dbo].[SystemCode] ([Id], [Code], [Description], [SystemModuleId]) VALUES (7, N'Department Categories', N'Department Types and Categories', 6)
INSERT [dbo].[SystemCode] ([Id], [Code], [Description], [SystemModuleId]) VALUES (8, N'SkillSet Categories', N'Skill Set - Tech or Operations', 4)
SET IDENTITY_INSERT [dbo].[SystemCode] OFF
SET IDENTITY_INSERT [dbo].[SystemCodeDetails] ON 

INSERT [dbo].[SystemCodeDetails] ([Id], [SystemCodeId], [Code], [OrderNo], [CreatedBy], [CreatedOn], [ModifiedBy], [ModifiedOn]) VALUES (20, 2, N'Driver', CAST(1.00 AS Decimal(18, 2)), NULL, NULL, NULL, NULL)
INSERT [dbo].[SystemCodeDetails] ([Id], [SystemCodeId], [Code], [OrderNo], [CreatedBy], [CreatedOn], [ModifiedBy], [ModifiedOn]) VALUES (21, 2, N'Office Administrator', CAST(2.00 AS Decimal(18, 2)), NULL, NULL, NULL, NULL)
INSERT [dbo].[SystemCodeDetails] ([Id], [SystemCodeId], [Code], [OrderNo], [CreatedBy], [CreatedOn], [ModifiedBy], [ModifiedOn]) VALUES (22, 2, N'MIS Advisor', CAST(3.00 AS Decimal(18, 2)), NULL, NULL, NULL, NULL)
INSERT [dbo].[SystemCodeDetails] ([Id], [SystemCodeId], [Code], [OrderNo], [CreatedBy], [CreatedOn], [ModifiedBy], [ModifiedOn]) VALUES (23, 2, N'MIS Specialist', CAST(3.00 AS Decimal(18, 2)), NULL, NULL, NULL, NULL)
INSERT [dbo].[SystemCodeDetails] ([Id], [SystemCodeId], [Code], [OrderNo], [CreatedBy], [CreatedOn], [ModifiedBy], [ModifiedOn]) VALUES (24, 2, N'Head Of Operations', CAST(4.00 AS Decimal(18, 2)), NULL, NULL, NULL, NULL)
INSERT [dbo].[SystemCodeDetails] ([Id], [SystemCodeId], [Code], [OrderNo], [CreatedBy], [CreatedOn], [ModifiedBy], [ModifiedOn]) VALUES (25, 6, N'Consultant Level', CAST(1.00 AS Decimal(18, 2)), NULL, NULL, NULL, NULL)
INSERT [dbo].[SystemCodeDetails] ([Id], [SystemCodeId], [Code], [OrderNo], [CreatedBy], [CreatedOn], [ModifiedBy], [ModifiedOn]) VALUES (26, 6, N'Department Level', CAST(2.00 AS Decimal(18, 2)), NULL, NULL, NULL, NULL)
INSERT [dbo].[SystemCodeDetails] ([Id], [SystemCodeId], [Code], [OrderNo], [CreatedBy], [CreatedOn], [ModifiedBy], [ModifiedOn]) VALUES (27, 6, N'Project Level', CAST(3.00 AS Decimal(18, 2)), NULL, NULL, NULL, NULL)
INSERT [dbo].[SystemCodeDetails] ([Id], [SystemCodeId], [Code], [OrderNo], [CreatedBy], [CreatedOn], [ModifiedBy], [ModifiedOn]) VALUES (28, 7, N'Management Information System (MIS)', CAST(1.00 AS Decimal(18, 2)), NULL, NULL, NULL, NULL)
INSERT [dbo].[SystemCodeDetails] ([Id], [SystemCodeId], [Code], [OrderNo], [CreatedBy], [CreatedOn], [ModifiedBy], [ModifiedOn]) VALUES (29, 7, N'Social Policy (SP)', CAST(2.00 AS Decimal(18, 2)), NULL, NULL, NULL, NULL)
INSERT [dbo].[SystemCodeDetails] ([Id], [SystemCodeId], [Code], [OrderNo], [CreatedBy], [CreatedOn], [ModifiedBy], [ModifiedOn]) VALUES (30, 7, N'Social & Economic Assistance (SEA)', CAST(3.00 AS Decimal(18, 2)), NULL, NULL, NULL, NULL)
INSERT [dbo].[SystemCodeDetails] ([Id], [SystemCodeId], [Code], [OrderNo], [CreatedBy], [CreatedOn], [ModifiedBy], [ModifiedOn]) VALUES (31, 4, N'System Analyst', CAST(1.00 AS Decimal(18, 2)), NULL, NULL, NULL, NULL)
INSERT [dbo].[SystemCodeDetails] ([Id], [SystemCodeId], [Code], [OrderNo], [CreatedBy], [CreatedOn], [ModifiedBy], [ModifiedOn]) VALUES (32, 4, N'System Designer', CAST(12.00 AS Decimal(18, 2)), NULL, NULL, NULL, NULL)
INSERT [dbo].[SystemCodeDetails] ([Id], [SystemCodeId], [Code], [OrderNo], [CreatedBy], [CreatedOn], [ModifiedBy], [ModifiedOn]) VALUES (33, 4, N'System Developer', CAST(3.00 AS Decimal(18, 2)), NULL, NULL, NULL, NULL)
INSERT [dbo].[SystemCodeDetails] ([Id], [SystemCodeId], [Code], [OrderNo], [CreatedBy], [CreatedOn], [ModifiedBy], [ModifiedOn]) VALUES (34, 5, N'Internal', CAST(1.00 AS Decimal(18, 2)), NULL, NULL, NULL, NULL)
INSERT [dbo].[SystemCodeDetails] ([Id], [SystemCodeId], [Code], [OrderNo], [CreatedBy], [CreatedOn], [ModifiedBy], [ModifiedOn]) VALUES (35, 5, N'External', CAST(2.00 AS Decimal(18, 2)), NULL, NULL, NULL, NULL)
INSERT [dbo].[SystemCodeDetails] ([Id], [SystemCodeId], [Code], [OrderNo], [CreatedBy], [CreatedOn], [ModifiedBy], [ModifiedOn]) VALUES (36, 8, N'Operations', CAST(1.00 AS Decimal(18, 2)), NULL, NULL, NULL, NULL)
INSERT [dbo].[SystemCodeDetails] ([Id], [SystemCodeId], [Code], [OrderNo], [CreatedBy], [CreatedOn], [ModifiedBy], [ModifiedOn]) VALUES (37, 8, N'Technical', CAST(2.00 AS Decimal(18, 2)), NULL, NULL, NULL, NULL)
SET IDENTITY_INSERT [dbo].[SystemCodeDetails] OFF
INSERT [dbo].[AspNetUsers] ([Id], [UserName], [NormalizedUserName], [Email], [NormalizedEmail], [EmailConfirmed], [PasswordHash], [SecurityStamp], [ConcurrencyStamp], [PhoneNumber], [PhoneNumberConfirmed], [TwoFactorEnabled], [LockoutEnd], [LockoutEnabled], [AccessFailedCount], [FirstName], [MiddleName], [Surname], [PositionId], [TypeId], [JobNo], [LineManagerId], [StartDate], [EndDate], [Signature], [LastPasswordChangedDate], [LastActivityDate], [DateCreated], [CreatedById], [MacAddress], [IsLoggedIn], [SkillSetId]) VALUES (N'3de78dcb-cd12-4674-8672-4588d3f69e5f', N'danetopot@gmail.com', N'DANETOPOT@GMAIL.COM', N'danetopot@gmail.com', N'DANETOPOT@GMAIL.COM', 0, N'AQAAAAEAACcQAAAAEOW3yPKsN/+8zKSrxDHZuV66vk8s10OHR4LYFjg+akB6AdChaGkLoGHoQ5Gqh0/69A==', N'DPMPL6OR4Y3F6YJUHC75KOUXRJDHO2XZ', N'1999238a-8fdd-42e9-9ae8-8b9a3fa78465', N'729681970', 0, 0, NULL, 0, 0, N'DANET', NULL, N'OPOT', 22, 35, N'DP-WOP01', NULL, CAST(N'2019-02-01T00:00:00.0000000' AS DateTime2), CAST(N'0001-01-01T00:00:00.0000000' AS DateTime2), NULL, CAST(N'2019-02-15T15:11:22.5274262' AS DateTime2), NULL, CAST(N'2019-02-15T15:02:11.2408385' AS DateTime2), NULL, NULL, 1, 36)
INSERT [dbo].[AspNetUsers] ([Id], [UserName], [NormalizedUserName], [Email], [NormalizedEmail], [EmailConfirmed], [PasswordHash], [SecurityStamp], [ConcurrencyStamp], [PhoneNumber], [PhoneNumberConfirmed], [TwoFactorEnabled], [LockoutEnd], [LockoutEnabled], [AccessFailedCount], [FirstName], [MiddleName], [Surname], [PositionId], [TypeId], [JobNo], [LineManagerId], [StartDate], [EndDate], [Signature], [LastPasswordChangedDate], [LastActivityDate], [DateCreated], [CreatedById], [MacAddress], [IsLoggedIn], [SkillSetId]) VALUES (N'92b71e33-ae60-4745-b8d2-aa307e9d6385', N'danetopot1@gmail.com', N'DANETOPOT1@GMAIL.COM', N'danetopot1@gmail.com', N'DANETOPOT1@GMAIL.COM', 0, N'AQAAAAEAACcQAAAAEOUk3qdT9WelJDM5PY7+hkgSAQoIRkl9MujL5D/GnOiSJhsgLsb6G3YzkRsuZd+2Tg==', N'FKP6EBGIDLMLIO7FMB65SA6IBUOUOMXR', N'175e991b-26f2-4506-8444-83da5dfdd0a8', N'0729681970', 0, 0, NULL, 0, 0, N'TECHNICAL', NULL, N'USER', 23, 34, N'DP-WOP012', N'3de78dcb-cd12-4674-8672-4588d3f69e5f', CAST(N'2019-02-01T00:00:00.0000000' AS DateTime2), CAST(N'0001-01-01T00:00:00.0000000' AS DateTime2), NULL, NULL, NULL, CAST(N'2019-02-15T16:01:52.5321854' AS DateTime2), N'3de78dcb-cd12-4674-8672-4588d3f69e5f', NULL, 0, 37)
INSERT [dbo].[AspNetUsers] ([Id], [UserName], [NormalizedUserName], [Email], [NormalizedEmail], [EmailConfirmed], [PasswordHash], [SecurityStamp], [ConcurrencyStamp], [PhoneNumber], [PhoneNumberConfirmed], [TwoFactorEnabled], [LockoutEnd], [LockoutEnabled], [AccessFailedCount], [FirstName], [MiddleName], [Surname], [PositionId], [TypeId], [JobNo], [LineManagerId], [StartDate], [EndDate], [Signature], [LastPasswordChangedDate], [LastActivityDate], [DateCreated], [CreatedById], [MacAddress], [IsLoggedIn], [SkillSetId]) VALUES (N'd8d49c28-cacc-4cd4-927f-5a9196e97076', N'danetopot2@gmail.com', N'DANETOPOT2@GMAIL.COM', N'danetopot2@gmail.com', N'DANETOPOT2@GMAIL.COM', 0, N'AQAAAAEAACcQAAAAEOglP0ygXUtlXpTrlKGD4Rt+AoxGrYtMOGvnNBElKdOXuESriVbRI/gVgpSIevE0eA==', N'ES6CQLWOOEHPOZZVRY2434J25LMD7TCA', N'48c8992d-ab03-470f-9243-b557886c9df0', N'0729681970', 0, 0, NULL, 0, 0, N'OPERATIONS', NULL, N'USER', 24, 34, N'DP-WOP0210', N'3de78dcb-cd12-4674-8672-4588d3f69e5f', CAST(N'2019-02-01T00:00:00.0000000' AS DateTime2), CAST(N'0001-01-01T00:00:00.0000000' AS DateTime2), NULL, NULL, NULL, CAST(N'2019-02-15T16:02:36.9241517' AS DateTime2), N'3de78dcb-cd12-4674-8672-4588d3f69e5f', NULL, 0, 36)
INSERT [dbo].[AspNetUserRoles] ([UserId], [RoleId]) VALUES (N'3de78dcb-cd12-4674-8672-4588d3f69e5f', N'3702e9fe-cc74-4824-39ae-7e2ff5bf0523')
SET IDENTITY_INSERT [dbo].[SystemTask] ON 

INSERT [dbo].[SystemTask] ([Id], [ParentId], [Name], [Order]) VALUES (11, NULL, N'Dashboard', 1)
INSERT [dbo].[SystemTask] ([Id], [ParentId], [Name], [Order]) VALUES (12, NULL, N'Timesheet', 1)
INSERT [dbo].[SystemTask] ([Id], [ParentId], [Name], [Order]) VALUES (13, NULL, N'Manage Users', 1)
INSERT [dbo].[SystemTask] ([Id], [ParentId], [Name], [Order]) VALUES (14, NULL, N'Manage Profiles', 1)
INSERT [dbo].[SystemTask] ([Id], [ParentId], [Name], [Order]) VALUES (15, NULL, N'Settings', 1)
INSERT [dbo].[SystemTask] ([Id], [ParentId], [Name], [Order]) VALUES (16, NULL, N'Reports', 1)
INSERT [dbo].[SystemTask] ([Id], [ParentId], [Name], [Order]) VALUES (17, 11, N'View Dashboard', 1)
INSERT [dbo].[SystemTask] ([Id], [ParentId], [Name], [Order]) VALUES (18, 11, N'Pivot Tables', 1)
INSERT [dbo].[SystemTask] ([Id], [ParentId], [Name], [Order]) VALUES (19, 12, N'Create', 1)
INSERT [dbo].[SystemTask] ([Id], [ParentId], [Name], [Order]) VALUES (20, 12, N'Modify', 2)
INSERT [dbo].[SystemTask] ([Id], [ParentId], [Name], [Order]) VALUES (21, 12, N'View', 3)
INSERT [dbo].[SystemTask] ([Id], [ParentId], [Name], [Order]) VALUES (22, 12, N'Delete', 4)
INSERT [dbo].[SystemTask] ([Id], [ParentId], [Name], [Order]) VALUES (23, 12, N'Send For Approval', 5)
INSERT [dbo].[SystemTask] ([Id], [ParentId], [Name], [Order]) VALUES (24, 12, N'Approve', 6)
INSERT [dbo].[SystemTask] ([Id], [ParentId], [Name], [Order]) VALUES (25, 12, N'Print', 7)
INSERT [dbo].[SystemTask] ([Id], [ParentId], [Name], [Order]) VALUES (26, 12, N'Search', 8)
INSERT [dbo].[SystemTask] ([Id], [ParentId], [Name], [Order]) VALUES (27, 13, N'Create', 1)
INSERT [dbo].[SystemTask] ([Id], [ParentId], [Name], [Order]) VALUES (28, 13, N'Manage Role', 2)
INSERT [dbo].[SystemTask] ([Id], [ParentId], [Name], [Order]) VALUES (29, 14, N'Create', 1)
INSERT [dbo].[SystemTask] ([Id], [ParentId], [Name], [Order]) VALUES (30, 14, N'Modify', 2)
INSERT [dbo].[SystemTask] ([Id], [ParentId], [Name], [Order]) VALUES (31, 14, N'View', 3)
INSERT [dbo].[SystemTask] ([Id], [ParentId], [Name], [Order]) VALUES (32, 14, N'Delete', 4)
INSERT [dbo].[SystemTask] ([Id], [ParentId], [Name], [Order]) VALUES (33, 15, N'Create', 1)
INSERT [dbo].[SystemTask] ([Id], [ParentId], [Name], [Order]) VALUES (34, 15, N'Modify', 2)
INSERT [dbo].[SystemTask] ([Id], [ParentId], [Name], [Order]) VALUES (35, 15, N'View', 3)
INSERT [dbo].[SystemTask] ([Id], [ParentId], [Name], [Order]) VALUES (36, 15, N'Delete', 4)
INSERT [dbo].[SystemTask] ([Id], [ParentId], [Name], [Order]) VALUES (37, 16, N'Run', 1)
INSERT [dbo].[SystemTask] ([Id], [ParentId], [Name], [Order]) VALUES (38, 16, N'View', 2)
INSERT [dbo].[SystemTask] ([Id], [ParentId], [Name], [Order]) VALUES (39, 16, N'Share', 3)
INSERT [dbo].[SystemTask] ([Id], [ParentId], [Name], [Order]) VALUES (40, 16, N'Print', 4)
SET IDENTITY_INSERT [dbo].[SystemTask] OFF
INSERT [dbo].[RoleProfiles] ([TaskId], [RoleId]) VALUES (11, N'3702e9fe-cc74-4824-39ae-7e2ff5bf0523')
INSERT [dbo].[RoleProfiles] ([TaskId], [RoleId]) VALUES (12, N'3702e9fe-cc74-4824-39ae-7e2ff5bf0523')
INSERT [dbo].[RoleProfiles] ([TaskId], [RoleId]) VALUES (13, N'3702e9fe-cc74-4824-39ae-7e2ff5bf0523')
INSERT [dbo].[RoleProfiles] ([TaskId], [RoleId]) VALUES (14, N'3702e9fe-cc74-4824-39ae-7e2ff5bf0523')
INSERT [dbo].[RoleProfiles] ([TaskId], [RoleId]) VALUES (15, N'3702e9fe-cc74-4824-39ae-7e2ff5bf0523')
INSERT [dbo].[RoleProfiles] ([TaskId], [RoleId]) VALUES (16, N'3702e9fe-cc74-4824-39ae-7e2ff5bf0523')
INSERT [dbo].[RoleProfiles] ([TaskId], [RoleId]) VALUES (17, N'3702e9fe-cc74-4824-39ae-7e2ff5bf0523')
INSERT [dbo].[RoleProfiles] ([TaskId], [RoleId]) VALUES (18, N'3702e9fe-cc74-4824-39ae-7e2ff5bf0523')
INSERT [dbo].[RoleProfiles] ([TaskId], [RoleId]) VALUES (19, N'3702e9fe-cc74-4824-39ae-7e2ff5bf0523')
INSERT [dbo].[RoleProfiles] ([TaskId], [RoleId]) VALUES (20, N'3702e9fe-cc74-4824-39ae-7e2ff5bf0523')
INSERT [dbo].[RoleProfiles] ([TaskId], [RoleId]) VALUES (21, N'3702e9fe-cc74-4824-39ae-7e2ff5bf0523')
INSERT [dbo].[RoleProfiles] ([TaskId], [RoleId]) VALUES (22, N'3702e9fe-cc74-4824-39ae-7e2ff5bf0523')
INSERT [dbo].[RoleProfiles] ([TaskId], [RoleId]) VALUES (23, N'3702e9fe-cc74-4824-39ae-7e2ff5bf0523')
INSERT [dbo].[RoleProfiles] ([TaskId], [RoleId]) VALUES (24, N'3702e9fe-cc74-4824-39ae-7e2ff5bf0523')
INSERT [dbo].[RoleProfiles] ([TaskId], [RoleId]) VALUES (25, N'3702e9fe-cc74-4824-39ae-7e2ff5bf0523')
INSERT [dbo].[RoleProfiles] ([TaskId], [RoleId]) VALUES (26, N'3702e9fe-cc74-4824-39ae-7e2ff5bf0523')
INSERT [dbo].[RoleProfiles] ([TaskId], [RoleId]) VALUES (27, N'3702e9fe-cc74-4824-39ae-7e2ff5bf0523')
INSERT [dbo].[RoleProfiles] ([TaskId], [RoleId]) VALUES (28, N'3702e9fe-cc74-4824-39ae-7e2ff5bf0523')
INSERT [dbo].[RoleProfiles] ([TaskId], [RoleId]) VALUES (29, N'3702e9fe-cc74-4824-39ae-7e2ff5bf0523')
INSERT [dbo].[RoleProfiles] ([TaskId], [RoleId]) VALUES (30, N'3702e9fe-cc74-4824-39ae-7e2ff5bf0523')
INSERT [dbo].[RoleProfiles] ([TaskId], [RoleId]) VALUES (31, N'3702e9fe-cc74-4824-39ae-7e2ff5bf0523')
INSERT [dbo].[RoleProfiles] ([TaskId], [RoleId]) VALUES (32, N'3702e9fe-cc74-4824-39ae-7e2ff5bf0523')
INSERT [dbo].[RoleProfiles] ([TaskId], [RoleId]) VALUES (33, N'3702e9fe-cc74-4824-39ae-7e2ff5bf0523')
INSERT [dbo].[RoleProfiles] ([TaskId], [RoleId]) VALUES (34, N'3702e9fe-cc74-4824-39ae-7e2ff5bf0523')
INSERT [dbo].[RoleProfiles] ([TaskId], [RoleId]) VALUES (35, N'3702e9fe-cc74-4824-39ae-7e2ff5bf0523')
INSERT [dbo].[RoleProfiles] ([TaskId], [RoleId]) VALUES (36, N'3702e9fe-cc74-4824-39ae-7e2ff5bf0523')
INSERT [dbo].[RoleProfiles] ([TaskId], [RoleId]) VALUES (37, N'3702e9fe-cc74-4824-39ae-7e2ff5bf0523')
INSERT [dbo].[RoleProfiles] ([TaskId], [RoleId]) VALUES (38, N'3702e9fe-cc74-4824-39ae-7e2ff5bf0523')
INSERT [dbo].[RoleProfiles] ([TaskId], [RoleId]) VALUES (39, N'3702e9fe-cc74-4824-39ae-7e2ff5bf0523')
INSERT [dbo].[RoleProfiles] ([TaskId], [RoleId]) VALUES (40, N'3702e9fe-cc74-4824-39ae-7e2ff5bf0523')
